label	side	startedUtc	seconds	exitCode	sha256	build
A1	A	2026-10-02T14:40:38.0330257Z	65.4	0	04923D538BF85B5428228973617FEA75BA0CA3291B2943AEC0EB218D1415546E	baseline
B1	B	2026-10-02T14:41:43.4737060Z	66.2	0	37B9845616F6D62013251562E72D71149A7C7A0ABCC12E2D8F8DD07430D3B3F5	candidate
B2	B	2026-10-02T14:42:49.6313189Z	66.2	0	37B9845616F6D62013251562E72D71149A7C7A0ABCC12E2D8F8DD07430D3B3F5	candidate
A2	A	2026-10-02T14:43:55.8907622Z	65.5	0	04923D538BF85B5428228973617FEA75BA0CA3291B2943AEC0EB218D1415546E	baseline
A3	A	2026-10-02T14:45:01.3815453Z	65.4	0	04923D538BF85B5428228973617FEA75BA0CA3291B2943AEC0EB218D1415546E	baseline
B3	B	2026-10-02T14:46:06.7793640Z	66.7	0	37B9845616F6D62013251562E72D71149A7C7A0ABCC12E2D8F8DD07430D3B3F5	candidate
B4	B	2026-10-02T14:47:13.5244048Z	66.6	0	37B9845616F6D62013251562E72D71149A7C7A0ABCC12E2D8F8DD07430D3B3F5	candidate
A4	A	2026-10-02T14:48:20.1683673Z	65.8	0	04923D538BF85B5428228973617FEA75BA0CA3291B2943AEC0EB218D1415546E	baseline
A5	A	2026-10-02T14:49:25.9929316Z	65.8	0	04923D538BF85B5428228973617FEA75BA0CA3291B2943AEC0EB218D1415546E	baseline
B5	B	2026-10-02T14:50:31.8205207Z	66.8	0	37B9845616F6D62013251562E72D71149A7C7A0ABCC12E2D8F8DD07430D3B3F5	candidate
B6	B	2026-10-02T14:51:38.6642721Z	67.2	0	37B9845616F6D62013251562E72D71149A7C7A0ABCC12E2D8F8DD07430D3B3F5	candidate
A6	A	2026-10-02T14:52:45.9111977Z	66.1	0	04923D538BF85B5428228973617FEA75BA0CA3291B2943AEC0EB218D1415546E	baseline
