name	size	fnv1a64(pixels+size)	dpi	hover	keyboard	scrollDip	contentDip	scrollbar
light_gallery_rest_96	476x198	a066f7e8ee120f06	dpi=96	hover=-1	kbd=-1	scroll=0.0000	content=176.0000	scrollbar=0
light_gallery_kbd_96	476x198	9f1ed8d6b403415f	dpi=96	hover=-1	kbd=1	scroll=0.0000	content=176.0000	scrollbar=0
light_gallery_hover_96	476x198	9f1ed8d6b403415f	dpi=96	hover=1	kbd=-1	scroll=0.0000	content=176.0000	scrollbar=0
light_gallery_end_96	476x198	9f1ed8d6b403415f	dpi=96	hover=-1	kbd=1	scroll=0.0000	content=176.0000	scrollbar=0
light_gallery_wheel_96	476x198	a066f7e8ee120f06	dpi=96	hover=-1	kbd=-1	scroll=0.0000	content=176.0000	scrollbar=0
light_gallery_rest_120	596x248	392189af5aca2741	dpi=120	hover=-1	kbd=-1	scroll=0.0000	content=176.0000	scrollbar=0
light_gallery_rest_144	714x297	d45241f37cd76b4f	dpi=144	hover=-1	kbd=-1	scroll=0.0000	content=176.0000	scrollbar=0
light_gallery_kbd_144	714x297	7e1998b93c2869bd	dpi=144	hover=-1	kbd=1	scroll=0.0000	content=176.0000	scrollbar=0
light_gallery_hover_144	714x297	7e1998b93c2869bd	dpi=144	hover=1	kbd=-1	scroll=0.0000	content=176.0000	scrollbar=0
light_gallery_end_144	714x297	7e1998b93c2869bd	dpi=144	hover=-1	kbd=1	scroll=0.0000	content=176.0000	scrollbar=0
light_gallery_wheel_144	714x297	d45241f37cd76b4f	dpi=144	hover=-1	kbd=-1	scroll=0.0000	content=176.0000	scrollbar=0
light_gallery_rest_192	952x396	1fb0c1385f7122d3	dpi=192	hover=-1	kbd=-1	scroll=0.0000	content=176.0000	scrollbar=0
light_distinct12_rest_96	476x322	6e1569299c28b59	dpi=96	hover=-1	kbd=-1	scroll=0.0000	content=632.0000	scrollbar=1
light_distinct12_kbd_96	476x322	8b75a8e85c4ed71	dpi=96	hover=-1	kbd=1	scroll=0.0000	content=632.0000	scrollbar=1
light_distinct12_hover_96	476x322	8b75a8e85c4ed71	dpi=96	hover=1	kbd=-1	scroll=0.0000	content=632.0000	scrollbar=1
light_distinct12_end_96	476x322	3d85e38cde54cbac	dpi=96	hover=-1	kbd=11	scroll=328.0000	content=632.0000	scrollbar=1
light_distinct12_wheel_96	476x322	91f9229c5c87fb2d	dpi=96	hover=-1	kbd=-1	scroll=60.0000	content=632.0000	scrollbar=1
light_distinct12_rest_120	596x403	11ba2716d60a765d	dpi=120	hover=-1	kbd=-1	scroll=0.0000	content=632.0000	scrollbar=1
light_distinct12_rest_144	714x483	37ba0fa049c2c8d4	dpi=144	hover=-1	kbd=-1	scroll=0.0000	content=632.0000	scrollbar=1
light_distinct12_kbd_144	714x483	c8c28fda3318206f	dpi=144	hover=-1	kbd=1	scroll=0.0000	content=632.0000	scrollbar=1
light_distinct12_hover_144	714x483	c8c28fda3318206f	dpi=144	hover=1	kbd=-1	scroll=0.0000	content=632.0000	scrollbar=1
light_distinct12_end_144	714x483	a7cbaa691867cf54	dpi=144	hover=-1	kbd=11	scroll=328.0000	content=632.0000	scrollbar=1
light_distinct12_wheel_144	714x483	a8faa5989c17a283	dpi=144	hover=-1	kbd=-1	scroll=60.0000	content=632.0000	scrollbar=1
light_distinct12_rest_192	952x644	6a5dbd1e44832a93	dpi=192	hover=-1	kbd=-1	scroll=0.0000	content=632.0000	scrollbar=1
light_repeated12_rest_96	476x322	14712585d0745073	dpi=96	hover=-1	kbd=-1	scroll=0.0000	content=632.0000	scrollbar=1
light_repeated12_kbd_96	476x322	b78a0f12bd0b489f	dpi=96	hover=-1	kbd=1	scroll=0.0000	content=632.0000	scrollbar=1
light_repeated12_hover_96	476x322	b78a0f12bd0b489f	dpi=96	hover=1	kbd=-1	scroll=0.0000	content=632.0000	scrollbar=1
light_repeated12_end_96	476x322	ce5a6e72acad80a2	dpi=96	hover=-1	kbd=11	scroll=328.0000	content=632.0000	scrollbar=1
light_repeated12_wheel_96	476x322	e3b2324bcd40c163	dpi=96	hover=-1	kbd=-1	scroll=60.0000	content=632.0000	scrollbar=1
light_repeated12_rest_120	596x403	bb271ba171374e51	dpi=120	hover=-1	kbd=-1	scroll=0.0000	content=632.0000	scrollbar=1
light_repeated12_rest_144	714x483	6faabdb4a85cfcac	dpi=144	hover=-1	kbd=-1	scroll=0.0000	content=632.0000	scrollbar=1
light_repeated12_kbd_144	714x483	fc36e02762dd7bd1	dpi=144	hover=-1	kbd=1	scroll=0.0000	content=632.0000	scrollbar=1
light_repeated12_hover_144	714x483	fc36e02762dd7bd1	dpi=144	hover=1	kbd=-1	scroll=0.0000	content=632.0000	scrollbar=1
light_repeated12_end_144	714x483	475da59a61b7d17e	dpi=144	hover=-1	kbd=11	scroll=328.0000	content=632.0000	scrollbar=1
light_repeated12_wheel_144	714x483	1712426b62f6b938	dpi=144	hover=-1	kbd=-1	scroll=60.0000	content=632.0000	scrollbar=1
light_repeated12_rest_192	952x644	c5556de511fc4a2	dpi=192	hover=-1	kbd=-1	scroll=0.0000	content=632.0000	scrollbar=1
light_mixed_rest_96	476x457	78289cd9fc19412d	dpi=96	hover=-1	kbd=-1	scroll=0.0000	content=435.0000	scrollbar=0
light_mixed_kbd_96	476x457	b1ebc6a595c8ac34	dpi=96	hover=-1	kbd=1	scroll=0.0000	content=435.0000	scrollbar=0
light_mixed_hover_96	476x457	b1ebc6a595c8ac34	dpi=96	hover=1	kbd=-1	scroll=0.0000	content=435.0000	scrollbar=0
light_mixed_end_96	476x457	846d01979a320323	dpi=96	hover=-1	kbd=8	scroll=0.0000	content=435.0000	scrollbar=0
light_mixed_wheel_96	476x457	78289cd9fc19412d	dpi=96	hover=-1	kbd=-1	scroll=0.0000	content=435.0000	scrollbar=0
light_mixed_rest_120	596x572	96d6ed10f2091c2a	dpi=120	hover=-1	kbd=-1	scroll=0.0000	content=435.0000	scrollbar=0
light_mixed_rest_144	714x686	3bd121d443b6952	dpi=144	hover=-1	kbd=-1	scroll=0.0000	content=435.0000	scrollbar=0
light_mixed_kbd_144	714x686	ada8d385d1d0aa33	dpi=144	hover=-1	kbd=1	scroll=0.0000	content=435.0000	scrollbar=0
light_mixed_hover_144	714x686	ada8d385d1d0aa33	dpi=144	hover=1	kbd=-1	scroll=0.0000	content=435.0000	scrollbar=0
light_mixed_end_144	714x686	56cea33c0d1bd707	dpi=144	hover=-1	kbd=8	scroll=0.0000	content=435.0000	scrollbar=0
light_mixed_wheel_144	714x686	3bd121d443b6952	dpi=144	hover=-1	kbd=-1	scroll=0.0000	content=435.0000	scrollbar=0
light_mixed_rest_192	952x796	e547a175112dcc83	dpi=192	hover=-1	kbd=-1	scroll=0.0000	content=435.0000	scrollbar=1
light_short_rest_96	476x186	bcdd5bf2efe49165	dpi=96	hover=-1	kbd=-1	scroll=0.0000	content=164.0000	scrollbar=0
light_short_kbd_96	476x186	8984b7ed3c6ccad5	dpi=96	hover=-1	kbd=1	scroll=0.0000	content=164.0000	scrollbar=0
light_short_hover_96	476x186	8984b7ed3c6ccad5	dpi=96	hover=1	kbd=-1	scroll=0.0000	content=164.0000	scrollbar=0
light_short_end_96	476x186	20a5e541c0193398	dpi=96	hover=-1	kbd=2	scroll=0.0000	content=164.0000	scrollbar=0
light_short_wheel_96	476x186	bcdd5bf2efe49165	dpi=96	hover=-1	kbd=-1	scroll=0.0000	content=164.0000	scrollbar=0
light_short_rest_120	596x233	79a2d6e1456f9023	dpi=120	hover=-1	kbd=-1	scroll=0.0000	content=164.0000	scrollbar=0
light_short_rest_144	714x279	6f5531eeac694bd1	dpi=144	hover=-1	kbd=-1	scroll=0.0000	content=164.0000	scrollbar=0
light_short_kbd_144	714x279	80ff7af8ebe1e052	dpi=144	hover=-1	kbd=1	scroll=0.0000	content=164.0000	scrollbar=0
light_short_hover_144	714x279	80ff7af8ebe1e052	dpi=144	hover=1	kbd=-1	scroll=0.0000	content=164.0000	scrollbar=0
light_short_end_144	714x279	473cfed10a33b945	dpi=144	hover=-1	kbd=2	scroll=0.0000	content=164.0000	scrollbar=0
light_short_wheel_144	714x279	6f5531eeac694bd1	dpi=144	hover=-1	kbd=-1	scroll=0.0000	content=164.0000	scrollbar=0
light_short_rest_192	952x372	da7dee1d993c7820	dpi=192	hover=-1	kbd=-1	scroll=0.0000	content=164.0000	scrollbar=0
light_scripts_rest_96	476x394	6b5eda71695c21ea	dpi=96	hover=-1	kbd=-1	scroll=0.0000	content=372.0000	scrollbar=0
light_scripts_kbd_96	476x394	59adc2228721a590	dpi=96	hover=-1	kbd=1	scroll=0.0000	content=372.0000	scrollbar=0
light_scripts_hover_96	476x394	59adc2228721a590	dpi=96	hover=1	kbd=-1	scroll=0.0000	content=372.0000	scrollbar=0
light_scripts_end_96	476x394	75723f41cd971ee1	dpi=96	hover=-1	kbd=6	scroll=0.0000	content=372.0000	scrollbar=0
light_scripts_wheel_96	476x394	6b5eda71695c21ea	dpi=96	hover=-1	kbd=-1	scroll=0.0000	content=372.0000	scrollbar=0
light_scripts_rest_120	596x493	cad99b572d2c9293	dpi=120	hover=-1	kbd=-1	scroll=0.0000	content=372.0000	scrollbar=0
light_scripts_rest_144	714x591	76c62ebdbf116ca0	dpi=144	hover=-1	kbd=-1	scroll=0.0000	content=372.0000	scrollbar=0
light_scripts_kbd_144	714x591	9d731c8b216e913a	dpi=144	hover=-1	kbd=1	scroll=0.0000	content=372.0000	scrollbar=0
light_scripts_hover_144	714x591	9d731c8b216e913a	dpi=144	hover=1	kbd=-1	scroll=0.0000	content=372.0000	scrollbar=0
light_scripts_end_144	714x591	ae26e4f486357a41	dpi=144	hover=-1	kbd=6	scroll=0.0000	content=372.0000	scrollbar=0
light_scripts_wheel_144	714x591	76c62ebdbf116ca0	dpi=144	hover=-1	kbd=-1	scroll=0.0000	content=372.0000	scrollbar=0
light_scripts_rest_192	952x788	30b6fd778f8cb787	dpi=192	hover=-1	kbd=-1	scroll=0.0000	content=372.0000	scrollbar=0
light_edges_rest_96	476x554	5d8d73666ded470a	dpi=96	hover=-1	kbd=-1	scroll=0.0000	content=532.0000	scrollbar=0
light_edges_kbd_96	476x554	bcacda3fb414888f	dpi=96	hover=-1	kbd=1	scroll=0.0000	content=532.0000	scrollbar=0
light_edges_hover_96	476x554	bcacda3fb414888f	dpi=96	hover=1	kbd=-1	scroll=0.0000	content=532.0000	scrollbar=0
light_edges_end_96	476x554	51c826d35d8cf5ea	dpi=96	hover=-1	kbd=7	scroll=0.0000	content=532.0000	scrollbar=0
light_edges_wheel_96	476x554	5d8d73666ded470a	dpi=96	hover=-1	kbd=-1	scroll=0.0000	content=532.0000	scrollbar=0
light_edges_rest_120	596x693	1733803655de903b	dpi=120	hover=-1	kbd=-1	scroll=0.0000	content=532.0000	scrollbar=0
light_edges_rest_144	714x785	7543bfec5f241339	dpi=144	hover=-1	kbd=-1	scroll=0.0000	content=549.0000	scrollbar=1
light_edges_kbd_144	714x785	f04e407d5e5a159	dpi=144	hover=-1	kbd=1	scroll=0.0000	content=549.0000	scrollbar=1
light_edges_hover_144	714x785	f04e407d5e5a159	dpi=144	hover=1	kbd=-1	scroll=0.0000	content=549.0000	scrollbar=1
light_edges_end_144	714x785	cffd74ded454bda	dpi=144	hover=-1	kbd=7	scroll=43.6667	content=549.0000	scrollbar=1
light_edges_wheel_144	714x785	f7565e064479f43	dpi=144	hover=-1	kbd=-1	scroll=47.6667	content=549.0000	scrollbar=1
light_edges_rest_192	952x796	d85df405c7ec7494	dpi=192	hover=-1	kbd=-1	scroll=0.0000	content=549.0000	scrollbar=1
dark_gallery_rest_96	476x198	351e045fd1b74b07	dpi=96	hover=-1	kbd=-1	scroll=0.0000	content=176.0000	scrollbar=0
dark_gallery_kbd_96	476x198	210763661495191c	dpi=96	hover=-1	kbd=1	scroll=0.0000	content=176.0000	scrollbar=0
dark_gallery_hover_96	476x198	210763661495191c	dpi=96	hover=1	kbd=-1	scroll=0.0000	content=176.0000	scrollbar=0
dark_gallery_end_96	476x198	210763661495191c	dpi=96	hover=-1	kbd=1	scroll=0.0000	content=176.0000	scrollbar=0
dark_gallery_wheel_96	476x198	351e045fd1b74b07	dpi=96	hover=-1	kbd=-1	scroll=0.0000	content=176.0000	scrollbar=0
dark_gallery_rest_120	596x248	11505e008b77e9cb	dpi=120	hover=-1	kbd=-1	scroll=0.0000	content=176.0000	scrollbar=0
dark_gallery_rest_144	714x297	e2655b19b13922f3	dpi=144	hover=-1	kbd=-1	scroll=0.0000	content=176.0000	scrollbar=0
dark_gallery_kbd_144	714x297	41da2ef016318483	dpi=144	hover=-1	kbd=1	scroll=0.0000	content=176.0000	scrollbar=0
dark_gallery_hover_144	714x297	41da2ef016318483	dpi=144	hover=1	kbd=-1	scroll=0.0000	content=176.0000	scrollbar=0
dark_gallery_end_144	714x297	41da2ef016318483	dpi=144	hover=-1	kbd=1	scroll=0.0000	content=176.0000	scrollbar=0
dark_gallery_wheel_144	714x297	e2655b19b13922f3	dpi=144	hover=-1	kbd=-1	scroll=0.0000	content=176.0000	scrollbar=0
dark_gallery_rest_192	952x396	100dc841605830e3	dpi=192	hover=-1	kbd=-1	scroll=0.0000	content=176.0000	scrollbar=0
dark_distinct12_rest_96	476x322	796737cb8dc52465	dpi=96	hover=-1	kbd=-1	scroll=0.0000	content=632.0000	scrollbar=1
dark_distinct12_kbd_96	476x322	861072640c05a26c	dpi=96	hover=-1	kbd=1	scroll=0.0000	content=632.0000	scrollbar=1
dark_distinct12_hover_96	476x322	861072640c05a26c	dpi=96	hover=1	kbd=-1	scroll=0.0000	content=632.0000	scrollbar=1
dark_distinct12_end_96	476x322	7efbe214f5d1b5fc	dpi=96	hover=-1	kbd=11	scroll=328.0000	content=632.0000	scrollbar=1
dark_distinct12_wheel_96	476x322	434ef72b51b6ce56	dpi=96	hover=-1	kbd=-1	scroll=60.0000	content=632.0000	scrollbar=1
dark_distinct12_rest_120	596x403	22abf7d6990d169b	dpi=120	hover=-1	kbd=-1	scroll=0.0000	content=632.0000	scrollbar=1
dark_distinct12_rest_144	714x483	10a9177707ec06b1	dpi=144	hover=-1	kbd=-1	scroll=0.0000	content=632.0000	scrollbar=1
dark_distinct12_kbd_144	714x483	38042e0941ef605e	dpi=144	hover=-1	kbd=1	scroll=0.0000	content=632.0000	scrollbar=1
dark_distinct12_hover_144	714x483	38042e0941ef605e	dpi=144	hover=1	kbd=-1	scroll=0.0000	content=632.0000	scrollbar=1
dark_distinct12_end_144	714x483	ae1b90c3fc3599b6	dpi=144	hover=-1	kbd=11	scroll=328.0000	content=632.0000	scrollbar=1
dark_distinct12_wheel_144	714x483	fc65033e2c081fa0	dpi=144	hover=-1	kbd=-1	scroll=60.0000	content=632.0000	scrollbar=1
dark_distinct12_rest_192	952x644	92c5019880a75a00	dpi=192	hover=-1	kbd=-1	scroll=0.0000	content=632.0000	scrollbar=1
dark_repeated12_rest_96	476x322	cf5f4f4b44d471f4	dpi=96	hover=-1	kbd=-1	scroll=0.0000	content=632.0000	scrollbar=1
dark_repeated12_kbd_96	476x322	32656c849c9d141a	dpi=96	hover=-1	kbd=1	scroll=0.0000	content=632.0000	scrollbar=1
dark_repeated12_hover_96	476x322	32656c849c9d141a	dpi=96	hover=1	kbd=-1	scroll=0.0000	content=632.0000	scrollbar=1
dark_repeated12_end_96	476x322	f5691803e24262e0	dpi=96	hover=-1	kbd=11	scroll=328.0000	content=632.0000	scrollbar=1
dark_repeated12_wheel_96	476x322	fea68260af2385db	dpi=96	hover=-1	kbd=-1	scroll=60.0000	content=632.0000	scrollbar=1
dark_repeated12_rest_120	596x403	c3e4b8fdae76a004	dpi=120	hover=-1	kbd=-1	scroll=0.0000	content=632.0000	scrollbar=1
dark_repeated12_rest_144	714x483	4b9f7511d118d1f6	dpi=144	hover=-1	kbd=-1	scroll=0.0000	content=632.0000	scrollbar=1
dark_repeated12_kbd_144	714x483	4a7811b1920c71de	dpi=144	hover=-1	kbd=1	scroll=0.0000	content=632.0000	scrollbar=1
dark_repeated12_hover_144	714x483	4a7811b1920c71de	dpi=144	hover=1	kbd=-1	scroll=0.0000	content=632.0000	scrollbar=1
dark_repeated12_end_144	714x483	6a677f4fc52b534f	dpi=144	hover=-1	kbd=11	scroll=328.0000	content=632.0000	scrollbar=1
dark_repeated12_wheel_144	714x483	6bc40fb0182dbb8a	dpi=144	hover=-1	kbd=-1	scroll=60.0000	content=632.0000	scrollbar=1
dark_repeated12_rest_192	952x644	588b094054051dc8	dpi=192	hover=-1	kbd=-1	scroll=0.0000	content=632.0000	scrollbar=1
dark_mixed_rest_96	476x457	5212977c5e27cfa1	dpi=96	hover=-1	kbd=-1	scroll=0.0000	content=435.0000	scrollbar=0
dark_mixed_kbd_96	476x457	7d6bd32767153460	dpi=96	hover=-1	kbd=1	scroll=0.0000	content=435.0000	scrollbar=0
dark_mixed_hover_96	476x457	7d6bd32767153460	dpi=96	hover=1	kbd=-1	scroll=0.0000	content=435.0000	scrollbar=0
dark_mixed_end_96	476x457	2972621fb41a6de8	dpi=96	hover=-1	kbd=8	scroll=0.0000	content=435.0000	scrollbar=0
dark_mixed_wheel_96	476x457	5212977c5e27cfa1	dpi=96	hover=-1	kbd=-1	scroll=0.0000	content=435.0000	scrollbar=0
dark_mixed_rest_120	596x572	f6f25d58717e5658	dpi=120	hover=-1	kbd=-1	scroll=0.0000	content=435.0000	scrollbar=0
dark_mixed_rest_144	714x686	b4e0e8265ba38139	dpi=144	hover=-1	kbd=-1	scroll=0.0000	content=435.0000	scrollbar=0
dark_mixed_kbd_144	714x686	696cc7cba0030ee2	dpi=144	hover=-1	kbd=1	scroll=0.0000	content=435.0000	scrollbar=0
dark_mixed_hover_144	714x686	696cc7cba0030ee2	dpi=144	hover=1	kbd=-1	scroll=0.0000	content=435.0000	scrollbar=0
dark_mixed_end_144	714x686	5243617d1dbb3283	dpi=144	hover=-1	kbd=8	scroll=0.0000	content=435.0000	scrollbar=0
dark_mixed_wheel_144	714x686	b4e0e8265ba38139	dpi=144	hover=-1	kbd=-1	scroll=0.0000	content=435.0000	scrollbar=0
dark_mixed_rest_192	952x796	57542e963015d012	dpi=192	hover=-1	kbd=-1	scroll=0.0000	content=435.0000	scrollbar=1
dark_short_rest_96	476x186	264d4c841fdd746c	dpi=96	hover=-1	kbd=-1	scroll=0.0000	content=164.0000	scrollbar=0
dark_short_kbd_96	476x186	2f4cc8b6d4992a2	dpi=96	hover=-1	kbd=1	scroll=0.0000	content=164.0000	scrollbar=0
dark_short_hover_96	476x186	2f4cc8b6d4992a2	dpi=96	hover=1	kbd=-1	scroll=0.0000	content=164.0000	scrollbar=0
dark_short_end_96	476x186	e9210b8cdd0af9ea	dpi=96	hover=-1	kbd=2	scroll=0.0000	content=164.0000	scrollbar=0
dark_short_wheel_96	476x186	264d4c841fdd746c	dpi=96	hover=-1	kbd=-1	scroll=0.0000	content=164.0000	scrollbar=0
dark_short_rest_120	596x233	65be7d1ddf76fc8d	dpi=120	hover=-1	kbd=-1	scroll=0.0000	content=164.0000	scrollbar=0
dark_short_rest_144	714x279	7f9e797b089229a3	dpi=144	hover=-1	kbd=-1	scroll=0.0000	content=164.0000	scrollbar=0
dark_short_kbd_144	714x279	1d0708e48e88b45e	dpi=144	hover=-1	kbd=1	scroll=0.0000	content=164.0000	scrollbar=0
dark_short_hover_144	714x279	1d0708e48e88b45e	dpi=144	hover=1	kbd=-1	scroll=0.0000	content=164.0000	scrollbar=0
dark_short_end_144	714x279	1db83a274d8aef81	dpi=144	hover=-1	kbd=2	scroll=0.0000	content=164.0000	scrollbar=0
dark_short_wheel_144	714x279	7f9e797b089229a3	dpi=144	hover=-1	kbd=-1	scroll=0.0000	content=164.0000	scrollbar=0
dark_short_rest_192	952x372	7e23a5f1542ccb37	dpi=192	hover=-1	kbd=-1	scroll=0.0000	content=164.0000	scrollbar=0
dark_scripts_rest_96	476x394	d295097e3ec125b7	dpi=96	hover=-1	kbd=-1	scroll=0.0000	content=372.0000	scrollbar=0
dark_scripts_kbd_96	476x394	f68048970e2cfebd	dpi=96	hover=-1	kbd=1	scroll=0.0000	content=372.0000	scrollbar=0
dark_scripts_hover_96	476x394	f68048970e2cfebd	dpi=96	hover=1	kbd=-1	scroll=0.0000	content=372.0000	scrollbar=0
dark_scripts_end_96	476x394	ae992d9541746110	dpi=96	hover=-1	kbd=6	scroll=0.0000	content=372.0000	scrollbar=0
dark_scripts_wheel_96	476x394	d295097e3ec125b7	dpi=96	hover=-1	kbd=-1	scroll=0.0000	content=372.0000	scrollbar=0
dark_scripts_rest_120	596x493	c4f79a42e4939f7d	dpi=120	hover=-1	kbd=-1	scroll=0.0000	content=372.0000	scrollbar=0
dark_scripts_rest_144	714x591	ef5000404378993e	dpi=144	hover=-1	kbd=-1	scroll=0.0000	content=372.0000	scrollbar=0
dark_scripts_kbd_144	714x591	7e8bb9bdafd1045b	dpi=144	hover=-1	kbd=1	scroll=0.0000	content=372.0000	scrollbar=0
dark_scripts_hover_144	714x591	7e8bb9bdafd1045b	dpi=144	hover=1	kbd=-1	scroll=0.0000	content=372.0000	scrollbar=0
dark_scripts_end_144	714x591	abc29c7a1f31fa85	dpi=144	hover=-1	kbd=6	scroll=0.0000	content=372.0000	scrollbar=0
dark_scripts_wheel_144	714x591	ef5000404378993e	dpi=144	hover=-1	kbd=-1	scroll=0.0000	content=372.0000	scrollbar=0
dark_scripts_rest_192	952x788	6ba1b028e0e09966	dpi=192	hover=-1	kbd=-1	scroll=0.0000	content=372.0000	scrollbar=0
dark_edges_rest_96	476x554	9ce3fd0e5a8214b9	dpi=96	hover=-1	kbd=-1	scroll=0.0000	content=532.0000	scrollbar=0
dark_edges_kbd_96	476x554	747fc605182dffad	dpi=96	hover=-1	kbd=1	scroll=0.0000	content=532.0000	scrollbar=0
dark_edges_hover_96	476x554	747fc605182dffad	dpi=96	hover=1	kbd=-1	scroll=0.0000	content=532.0000	scrollbar=0
dark_edges_end_96	476x554	822101b56c190693	dpi=96	hover=-1	kbd=7	scroll=0.0000	content=532.0000	scrollbar=0
dark_edges_wheel_96	476x554	9ce3fd0e5a8214b9	dpi=96	hover=-1	kbd=-1	scroll=0.0000	content=532.0000	scrollbar=0
dark_edges_rest_120	596x693	7a6c60ee4bf6ae84	dpi=120	hover=-1	kbd=-1	scroll=0.0000	content=532.0000	scrollbar=0
dark_edges_rest_144	714x785	f376964066e30136	dpi=144	hover=-1	kbd=-1	scroll=0.0000	content=549.0000	scrollbar=1
dark_edges_kbd_144	714x785	31ec30db5c438baa	dpi=144	hover=-1	kbd=1	scroll=0.0000	content=549.0000	scrollbar=1
dark_edges_hover_144	714x785	31ec30db5c438baa	dpi=144	hover=1	kbd=-1	scroll=0.0000	content=549.0000	scrollbar=1
dark_edges_end_144	714x785	b82573039f15eafc	dpi=144	hover=-1	kbd=7	scroll=43.6667	content=549.0000	scrollbar=1
dark_edges_wheel_144	714x785	d426131aefcb7812	dpi=144	hover=-1	kbd=-1	scroll=47.6667	content=549.0000	scrollbar=1
dark_edges_rest_192	952x796	b0c19ec25e37c35d	dpi=192	hover=-1	kbd=-1	scroll=0.0000	content=549.0000	scrollbar=1
rainbow-light_gallery_rest_96	476x198	d251e12f0b767e8f	dpi=96	hover=-1	kbd=-1	scroll=0.0000	content=176.0000	scrollbar=0
rainbow-light_gallery_kbd_96	476x198	1494f35ee8b3d46e	dpi=96	hover=-1	kbd=1	scroll=0.0000	content=176.0000	scrollbar=0
rainbow-light_gallery_hover_96	476x198	1494f35ee8b3d46e	dpi=96	hover=1	kbd=-1	scroll=0.0000	content=176.0000	scrollbar=0
rainbow-light_gallery_end_96	476x198	1494f35ee8b3d46e	dpi=96	hover=-1	kbd=1	scroll=0.0000	content=176.0000	scrollbar=0
rainbow-light_gallery_wheel_96	476x198	d251e12f0b767e8f	dpi=96	hover=-1	kbd=-1	scroll=0.0000	content=176.0000	scrollbar=0
rainbow-light_gallery_rest_120	596x248	aa3a9bafa171dd4c	dpi=120	hover=-1	kbd=-1	scroll=0.0000	content=176.0000	scrollbar=0
rainbow-light_gallery_rest_144	714x297	f0407d003294e950	dpi=144	hover=-1	kbd=-1	scroll=0.0000	content=176.0000	scrollbar=0
rainbow-light_gallery_kbd_144	714x297	b227d9d803552633	dpi=144	hover=-1	kbd=1	scroll=0.0000	content=176.0000	scrollbar=0
rainbow-light_gallery_hover_144	714x297	b227d9d803552633	dpi=144	hover=1	kbd=-1	scroll=0.0000	content=176.0000	scrollbar=0
rainbow-light_gallery_end_144	714x297	b227d9d803552633	dpi=144	hover=-1	kbd=1	scroll=0.0000	content=176.0000	scrollbar=0
rainbow-light_gallery_wheel_144	714x297	f0407d003294e950	dpi=144	hover=-1	kbd=-1	scroll=0.0000	content=176.0000	scrollbar=0
rainbow-light_gallery_rest_192	952x396	2916005a826b7200	dpi=192	hover=-1	kbd=-1	scroll=0.0000	content=176.0000	scrollbar=0
rainbow-light_distinct12_rest_96	476x322	6e1569299c28b59	dpi=96	hover=-1	kbd=-1	scroll=0.0000	content=632.0000	scrollbar=1
rainbow-light_distinct12_kbd_96	476x322	fb1c3f9213206509	dpi=96	hover=-1	kbd=1	scroll=0.0000	content=632.0000	scrollbar=1
rainbow-light_distinct12_hover_96	476x322	fb1c3f9213206509	dpi=96	hover=1	kbd=-1	scroll=0.0000	content=632.0000	scrollbar=1
rainbow-light_distinct12_end_96	476x322	f31a3109256c3e0	dpi=96	hover=-1	kbd=11	scroll=328.0000	content=632.0000	scrollbar=1
rainbow-light_distinct12_wheel_96	476x322	91f9229c5c87fb2d	dpi=96	hover=-1	kbd=-1	scroll=60.0000	content=632.0000	scrollbar=1
rainbow-light_distinct12_rest_120	596x403	11ba2716d60a765d	dpi=120	hover=-1	kbd=-1	scroll=0.0000	content=632.0000	scrollbar=1
rainbow-light_distinct12_rest_144	714x483	37ba0fa049c2c8d4	dpi=144	hover=-1	kbd=-1	scroll=0.0000	content=632.0000	scrollbar=1
rainbow-light_distinct12_kbd_144	714x483	adcf1c66bb8d0c6a	dpi=144	hover=-1	kbd=1	scroll=0.0000	content=632.0000	scrollbar=1
rainbow-light_distinct12_hover_144	714x483	adcf1c66bb8d0c6a	dpi=144	hover=1	kbd=-1	scroll=0.0000	content=632.0000	scrollbar=1
rainbow-light_distinct12_end_144	714x483	25a237c80937a52e	dpi=144	hover=-1	kbd=11	scroll=328.0000	content=632.0000	scrollbar=1
rainbow-light_distinct12_wheel_144	714x483	a8faa5989c17a283	dpi=144	hover=-1	kbd=-1	scroll=60.0000	content=632.0000	scrollbar=1
rainbow-light_distinct12_rest_192	952x644	6a5dbd1e44832a93	dpi=192	hover=-1	kbd=-1	scroll=0.0000	content=632.0000	scrollbar=1
rainbow-light_repeated12_rest_96	476x322	14712585d0745073	dpi=96	hover=-1	kbd=-1	scroll=0.0000	content=632.0000	scrollbar=1
rainbow-light_repeated12_kbd_96	476x322	4ff0e27587368da4	dpi=96	hover=-1	kbd=1	scroll=0.0000	content=632.0000	scrollbar=1
rainbow-light_repeated12_hover_96	476x322	4ff0e27587368da4	dpi=96	hover=1	kbd=-1	scroll=0.0000	content=632.0000	scrollbar=1
rainbow-light_repeated12_end_96	476x322	4a404045be61871b	dpi=96	hover=-1	kbd=11	scroll=328.0000	content=632.0000	scrollbar=1
rainbow-light_repeated12_wheel_96	476x322	e3b2324bcd40c163	dpi=96	hover=-1	kbd=-1	scroll=60.0000	content=632.0000	scrollbar=1
rainbow-light_repeated12_rest_120	596x403	bb271ba171374e51	dpi=120	hover=-1	kbd=-1	scroll=0.0000	content=632.0000	scrollbar=1
rainbow-light_repeated12_rest_144	714x483	6faabdb4a85cfcac	dpi=144	hover=-1	kbd=-1	scroll=0.0000	content=632.0000	scrollbar=1
rainbow-light_repeated12_kbd_144	714x483	9cf1620431d992a7	dpi=144	hover=-1	kbd=1	scroll=0.0000	content=632.0000	scrollbar=1
rainbow-light_repeated12_hover_144	714x483	9cf1620431d992a7	dpi=144	hover=1	kbd=-1	scroll=0.0000	content=632.0000	scrollbar=1
rainbow-light_repeated12_end_144	714x483	57ee32bad9c0d3af	dpi=144	hover=-1	kbd=11	scroll=328.0000	content=632.0000	scrollbar=1
rainbow-light_repeated12_wheel_144	714x483	1712426b62f6b938	dpi=144	hover=-1	kbd=-1	scroll=60.0000	content=632.0000	scrollbar=1
rainbow-light_repeated12_rest_192	952x644	c5556de511fc4a2	dpi=192	hover=-1	kbd=-1	scroll=0.0000	content=632.0000	scrollbar=1
rainbow-light_mixed_rest_96	476x457	f088f7d31d5d571b	dpi=96	hover=-1	kbd=-1	scroll=0.0000	content=435.0000	scrollbar=0
rainbow-light_mixed_kbd_96	476x457	ddfef99a9f65aa27	dpi=96	hover=-1	kbd=1	scroll=0.0000	content=435.0000	scrollbar=0
rainbow-light_mixed_hover_96	476x457	ddfef99a9f65aa27	dpi=96	hover=1	kbd=-1	scroll=0.0000	content=435.0000	scrollbar=0
rainbow-light_mixed_end_96	476x457	f7bb241193153440	dpi=96	hover=-1	kbd=8	scroll=0.0000	content=435.0000	scrollbar=0
rainbow-light_mixed_wheel_96	476x457	f088f7d31d5d571b	dpi=96	hover=-1	kbd=-1	scroll=0.0000	content=435.0000	scrollbar=0
rainbow-light_mixed_rest_120	596x572	e8d49ce67955fc83	dpi=120	hover=-1	kbd=-1	scroll=0.0000	content=435.0000	scrollbar=0
rainbow-light_mixed_rest_144	714x686	62ec8b0f0f5ea92d	dpi=144	hover=-1	kbd=-1	scroll=0.0000	content=435.0000	scrollbar=0
rainbow-light_mixed_kbd_144	714x686	48b170ac186ab2b4	dpi=144	hover=-1	kbd=1	scroll=0.0000	content=435.0000	scrollbar=0
rainbow-light_mixed_hover_144	714x686	48b170ac186ab2b4	dpi=144	hover=1	kbd=-1	scroll=0.0000	content=435.0000	scrollbar=0
rainbow-light_mixed_end_144	714x686	8f59723a72fb6121	dpi=144	hover=-1	kbd=8	scroll=0.0000	content=435.0000	scrollbar=0
rainbow-light_mixed_wheel_144	714x686	62ec8b0f0f5ea92d	dpi=144	hover=-1	kbd=-1	scroll=0.0000	content=435.0000	scrollbar=0
rainbow-light_mixed_rest_192	952x796	3678e53df78c8834	dpi=192	hover=-1	kbd=-1	scroll=0.0000	content=435.0000	scrollbar=1
rainbow-light_short_rest_96	476x186	bcdd5bf2efe49165	dpi=96	hover=-1	kbd=-1	scroll=0.0000	content=164.0000	scrollbar=0
rainbow-light_short_kbd_96	476x186	6a93cc46bd8e819	dpi=96	hover=-1	kbd=1	scroll=0.0000	content=164.0000	scrollbar=0
rainbow-light_short_hover_96	476x186	6a93cc46bd8e819	dpi=96	hover=1	kbd=-1	scroll=0.0000	content=164.0000	scrollbar=0
rainbow-light_short_end_96	476x186	36998bae91d5de87	dpi=96	hover=-1	kbd=2	scroll=0.0000	content=164.0000	scrollbar=0
rainbow-light_short_wheel_96	476x186	bcdd5bf2efe49165	dpi=96	hover=-1	kbd=-1	scroll=0.0000	content=164.0000	scrollbar=0
rainbow-light_short_rest_120	596x233	79a2d6e1456f9023	dpi=120	hover=-1	kbd=-1	scroll=0.0000	content=164.0000	scrollbar=0
rainbow-light_short_rest_144	714x279	6f5531eeac694bd1	dpi=144	hover=-1	kbd=-1	scroll=0.0000	content=164.0000	scrollbar=0
rainbow-light_short_kbd_144	714x279	287dbd5a63a1382d	dpi=144	hover=-1	kbd=1	scroll=0.0000	content=164.0000	scrollbar=0
rainbow-light_short_hover_144	714x279	287dbd5a63a1382d	dpi=144	hover=1	kbd=-1	scroll=0.0000	content=164.0000	scrollbar=0
rainbow-light_short_end_144	714x279	d0a2d6f59202aa95	dpi=144	hover=-1	kbd=2	scroll=0.0000	content=164.0000	scrollbar=0
rainbow-light_short_wheel_144	714x279	6f5531eeac694bd1	dpi=144	hover=-1	kbd=-1	scroll=0.0000	content=164.0000	scrollbar=0
rainbow-light_short_rest_192	952x372	da7dee1d993c7820	dpi=192	hover=-1	kbd=-1	scroll=0.0000	content=164.0000	scrollbar=0
rainbow-light_scripts_rest_96	476x394	6b5eda71695c21ea	dpi=96	hover=-1	kbd=-1	scroll=0.0000	content=372.0000	scrollbar=0
rainbow-light_scripts_kbd_96	476x394	36f3d7871c6fad66	dpi=96	hover=-1	kbd=1	scroll=0.0000	content=372.0000	scrollbar=0
rainbow-light_scripts_hover_96	476x394	36f3d7871c6fad66	dpi=96	hover=1	kbd=-1	scroll=0.0000	content=372.0000	scrollbar=0
rainbow-light_scripts_end_96	476x394	d4ee884d761640ef	dpi=96	hover=-1	kbd=6	scroll=0.0000	content=372.0000	scrollbar=0
rainbow-light_scripts_wheel_96	476x394	6b5eda71695c21ea	dpi=96	hover=-1	kbd=-1	scroll=0.0000	content=372.0000	scrollbar=0
rainbow-light_scripts_rest_120	596x493	cad99b572d2c9293	dpi=120	hover=-1	kbd=-1	scroll=0.0000	content=372.0000	scrollbar=0
rainbow-light_scripts_rest_144	714x591	76c62ebdbf116ca0	dpi=144	hover=-1	kbd=-1	scroll=0.0000	content=372.0000	scrollbar=0
rainbow-light_scripts_kbd_144	714x591	3735720685f5f28d	dpi=144	hover=-1	kbd=1	scroll=0.0000	content=372.0000	scrollbar=0
rainbow-light_scripts_hover_144	714x591	3735720685f5f28d	dpi=144	hover=1	kbd=-1	scroll=0.0000	content=372.0000	scrollbar=0
rainbow-light_scripts_end_144	714x591	ba71f086dd9f9b20	dpi=144	hover=-1	kbd=6	scroll=0.0000	content=372.0000	scrollbar=0
rainbow-light_scripts_wheel_144	714x591	76c62ebdbf116ca0	dpi=144	hover=-1	kbd=-1	scroll=0.0000	content=372.0000	scrollbar=0
rainbow-light_scripts_rest_192	952x788	30b6fd778f8cb787	dpi=192	hover=-1	kbd=-1	scroll=0.0000	content=372.0000	scrollbar=0
rainbow-light_edges_rest_96	476x554	5d8d73666ded470a	dpi=96	hover=-1	kbd=-1	scroll=0.0000	content=532.0000	scrollbar=0
rainbow-light_edges_kbd_96	476x554	a21ac7b4e46f7752	dpi=96	hover=-1	kbd=1	scroll=0.0000	content=532.0000	scrollbar=0
rainbow-light_edges_hover_96	476x554	a21ac7b4e46f7752	dpi=96	hover=1	kbd=-1	scroll=0.0000	content=532.0000	scrollbar=0
rainbow-light_edges_end_96	476x554	1e23103d3c811c1e	dpi=96	hover=-1	kbd=7	scroll=0.0000	content=532.0000	scrollbar=0
rainbow-light_edges_wheel_96	476x554	5d8d73666ded470a	dpi=96	hover=-1	kbd=-1	scroll=0.0000	content=532.0000	scrollbar=0
rainbow-light_edges_rest_120	596x693	1733803655de903b	dpi=120	hover=-1	kbd=-1	scroll=0.0000	content=532.0000	scrollbar=0
rainbow-light_edges_rest_144	714x785	7543bfec5f241339	dpi=144	hover=-1	kbd=-1	scroll=0.0000	content=549.0000	scrollbar=1
rainbow-light_edges_kbd_144	714x785	7c4f1ddfe2d3982b	dpi=144	hover=-1	kbd=1	scroll=0.0000	content=549.0000	scrollbar=1
rainbow-light_edges_hover_144	714x785	7c4f1ddfe2d3982b	dpi=144	hover=1	kbd=-1	scroll=0.0000	content=549.0000	scrollbar=1
rainbow-light_edges_end_144	714x785	e136caabb21b7b8c	dpi=144	hover=-1	kbd=7	scroll=43.6667	content=549.0000	scrollbar=1
rainbow-light_edges_wheel_144	714x785	f7565e064479f43	dpi=144	hover=-1	kbd=-1	scroll=47.6667	content=549.0000	scrollbar=1
rainbow-light_edges_rest_192	952x796	d85df405c7ec7494	dpi=192	hover=-1	kbd=-1	scroll=0.0000	content=549.0000	scrollbar=1
rainbow-dark_gallery_rest_96	476x198	c9ed3bceb1bc163a	dpi=96	hover=-1	kbd=-1	scroll=0.0000	content=176.0000	scrollbar=0
rainbow-dark_gallery_kbd_96	476x198	47ba5962ed88bde5	dpi=96	hover=-1	kbd=1	scroll=0.0000	content=176.0000	scrollbar=0
rainbow-dark_gallery_hover_96	476x198	47ba5962ed88bde5	dpi=96	hover=1	kbd=-1	scroll=0.0000	content=176.0000	scrollbar=0
rainbow-dark_gallery_end_96	476x198	47ba5962ed88bde5	dpi=96	hover=-1	kbd=1	scroll=0.0000	content=176.0000	scrollbar=0
rainbow-dark_gallery_wheel_96	476x198	c9ed3bceb1bc163a	dpi=96	hover=-1	kbd=-1	scroll=0.0000	content=176.0000	scrollbar=0
rainbow-dark_gallery_rest_120	596x248	c1d2dbe072136fd1	dpi=120	hover=-1	kbd=-1	scroll=0.0000	content=176.0000	scrollbar=0
rainbow-dark_gallery_rest_144	714x297	5bc51a367c9cf78c	dpi=144	hover=-1	kbd=-1	scroll=0.0000	content=176.0000	scrollbar=0
rainbow-dark_gallery_kbd_144	714x297	1dd98356bb3df147	dpi=144	hover=-1	kbd=1	scroll=0.0000	content=176.0000	scrollbar=0
rainbow-dark_gallery_hover_144	714x297	1dd98356bb3df147	dpi=144	hover=1	kbd=-1	scroll=0.0000	content=176.0000	scrollbar=0
rainbow-dark_gallery_end_144	714x297	1dd98356bb3df147	dpi=144	hover=-1	kbd=1	scroll=0.0000	content=176.0000	scrollbar=0
rainbow-dark_gallery_wheel_144	714x297	5bc51a367c9cf78c	dpi=144	hover=-1	kbd=-1	scroll=0.0000	content=176.0000	scrollbar=0
rainbow-dark_gallery_rest_192	952x396	c7a7b5da6c3ed486	dpi=192	hover=-1	kbd=-1	scroll=0.0000	content=176.0000	scrollbar=0
rainbow-dark_distinct12_rest_96	476x322	796737cb8dc52465	dpi=96	hover=-1	kbd=-1	scroll=0.0000	content=632.0000	scrollbar=1
rainbow-dark_distinct12_kbd_96	476x322	dfbc2539ba38ad4e	dpi=96	hover=-1	kbd=1	scroll=0.0000	content=632.0000	scrollbar=1
rainbow-dark_distinct12_hover_96	476x322	dfbc2539ba38ad4e	dpi=96	hover=1	kbd=-1	scroll=0.0000	content=632.0000	scrollbar=1
rainbow-dark_distinct12_end_96	476x322	bfbf652d5e929bc0	dpi=96	hover=-1	kbd=11	scroll=328.0000	content=632.0000	scrollbar=1
rainbow-dark_distinct12_wheel_96	476x322	434ef72b51b6ce56	dpi=96	hover=-1	kbd=-1	scroll=60.0000	content=632.0000	scrollbar=1
rainbow-dark_distinct12_rest_120	596x403	22abf7d6990d169b	dpi=120	hover=-1	kbd=-1	scroll=0.0000	content=632.0000	scrollbar=1
rainbow-dark_distinct12_rest_144	714x483	10a9177707ec06b1	dpi=144	hover=-1	kbd=-1	scroll=0.0000	content=632.0000	scrollbar=1
rainbow-dark_distinct12_kbd_144	714x483	4dd1cfa942606493	dpi=144	hover=-1	kbd=1	scroll=0.0000	content=632.0000	scrollbar=1
rainbow-dark_distinct12_hover_144	714x483	4dd1cfa942606493	dpi=144	hover=1	kbd=-1	scroll=0.0000	content=632.0000	scrollbar=1
rainbow-dark_distinct12_end_144	714x483	696e69c417dea4c2	dpi=144	hover=-1	kbd=11	scroll=328.0000	content=632.0000	scrollbar=1
rainbow-dark_distinct12_wheel_144	714x483	fc65033e2c081fa0	dpi=144	hover=-1	kbd=-1	scroll=60.0000	content=632.0000	scrollbar=1
rainbow-dark_distinct12_rest_192	952x644	92c5019880a75a00	dpi=192	hover=-1	kbd=-1	scroll=0.0000	content=632.0000	scrollbar=1
rainbow-dark_repeated12_rest_96	476x322	cf5f4f4b44d471f4	dpi=96	hover=-1	kbd=-1	scroll=0.0000	content=632.0000	scrollbar=1
rainbow-dark_repeated12_kbd_96	476x322	8c1428ad0e8980d2	dpi=96	hover=-1	kbd=1	scroll=0.0000	content=632.0000	scrollbar=1
rainbow-dark_repeated12_hover_96	476x322	8c1428ad0e8980d2	dpi=96	hover=1	kbd=-1	scroll=0.0000	content=632.0000	scrollbar=1
rainbow-dark_repeated12_end_96	476x322	1133c01ebb6bca72	dpi=96	hover=-1	kbd=11	scroll=328.0000	content=632.0000	scrollbar=1
rainbow-dark_repeated12_wheel_96	476x322	fea68260af2385db	dpi=96	hover=-1	kbd=-1	scroll=60.0000	content=632.0000	scrollbar=1
rainbow-dark_repeated12_rest_120	596x403	c3e4b8fdae76a004	dpi=120	hover=-1	kbd=-1	scroll=0.0000	content=632.0000	scrollbar=1
rainbow-dark_repeated12_rest_144	714x483	4b9f7511d118d1f6	dpi=144	hover=-1	kbd=-1	scroll=0.0000	content=632.0000	scrollbar=1
rainbow-dark_repeated12_kbd_144	714x483	a694af15a20e795e	dpi=144	hover=-1	kbd=1	scroll=0.0000	content=632.0000	scrollbar=1
rainbow-dark_repeated12_hover_144	714x483	a694af15a20e795e	dpi=144	hover=1	kbd=-1	scroll=0.0000	content=632.0000	scrollbar=1
rainbow-dark_repeated12_end_144	714x483	5e88fee71896f26d	dpi=144	hover=-1	kbd=11	scroll=328.0000	content=632.0000	scrollbar=1
rainbow-dark_repeated12_wheel_144	714x483	6bc40fb0182dbb8a	dpi=144	hover=-1	kbd=-1	scroll=60.0000	content=632.0000	scrollbar=1
rainbow-dark_repeated12_rest_192	952x644	588b094054051dc8	dpi=192	hover=-1	kbd=-1	scroll=0.0000	content=632.0000	scrollbar=1
rainbow-dark_mixed_rest_96	476x457	c040cbe90edda6c0	dpi=96	hover=-1	kbd=-1	scroll=0.0000	content=435.0000	scrollbar=0
rainbow-dark_mixed_kbd_96	476x457	30c6dc7732bcad5d	dpi=96	hover=-1	kbd=1	scroll=0.0000	content=435.0000	scrollbar=0
rainbow-dark_mixed_hover_96	476x457	30c6dc7732bcad5d	dpi=96	hover=1	kbd=-1	scroll=0.0000	content=435.0000	scrollbar=0
rainbow-dark_mixed_end_96	476x457	c90da95aa97136d9	dpi=96	hover=-1	kbd=8	scroll=0.0000	content=435.0000	scrollbar=0
rainbow-dark_mixed_wheel_96	476x457	c040cbe90edda6c0	dpi=96	hover=-1	kbd=-1	scroll=0.0000	content=435.0000	scrollbar=0
rainbow-dark_mixed_rest_120	596x572	f5cbecf31773b880	dpi=120	hover=-1	kbd=-1	scroll=0.0000	content=435.0000	scrollbar=0
rainbow-dark_mixed_rest_144	714x686	3599c9c444c5b21c	dpi=144	hover=-1	kbd=-1	scroll=0.0000	content=435.0000	scrollbar=0
rainbow-dark_mixed_kbd_144	714x686	41c62c6a0a1ff29d	dpi=144	hover=-1	kbd=1	scroll=0.0000	content=435.0000	scrollbar=0
rainbow-dark_mixed_hover_144	714x686	41c62c6a0a1ff29d	dpi=144	hover=1	kbd=-1	scroll=0.0000	content=435.0000	scrollbar=0
rainbow-dark_mixed_end_144	714x686	ed9b4250d9bc9c98	dpi=144	hover=-1	kbd=8	scroll=0.0000	content=435.0000	scrollbar=0
rainbow-dark_mixed_wheel_144	714x686	3599c9c444c5b21c	dpi=144	hover=-1	kbd=-1	scroll=0.0000	content=435.0000	scrollbar=0
rainbow-dark_mixed_rest_192	952x796	e556452f11b50909	dpi=192	hover=-1	kbd=-1	scroll=0.0000	content=435.0000	scrollbar=1
rainbow-dark_short_rest_96	476x186	264d4c841fdd746c	dpi=96	hover=-1	kbd=-1	scroll=0.0000	content=164.0000	scrollbar=0
rainbow-dark_short_kbd_96	476x186	837737d5df9bf5ce	dpi=96	hover=-1	kbd=1	scroll=0.0000	content=164.0000	scrollbar=0
rainbow-dark_short_hover_96	476x186	837737d5df9bf5ce	dpi=96	hover=1	kbd=-1	scroll=0.0000	content=164.0000	scrollbar=0
rainbow-dark_short_end_96	476x186	41f3482f775a78b	dpi=96	hover=-1	kbd=2	scroll=0.0000	content=164.0000	scrollbar=0
rainbow-dark_short_wheel_96	476x186	264d4c841fdd746c	dpi=96	hover=-1	kbd=-1	scroll=0.0000	content=164.0000	scrollbar=0
rainbow-dark_short_rest_120	596x233	65be7d1ddf76fc8d	dpi=120	hover=-1	kbd=-1	scroll=0.0000	content=164.0000	scrollbar=0
rainbow-dark_short_rest_144	714x279	7f9e797b089229a3	dpi=144	hover=-1	kbd=-1	scroll=0.0000	content=164.0000	scrollbar=0
rainbow-dark_short_kbd_144	714x279	dddc49969cb1c6f0	dpi=144	hover=-1	kbd=1	scroll=0.0000	content=164.0000	scrollbar=0
rainbow-dark_short_hover_144	714x279	dddc49969cb1c6f0	dpi=144	hover=1	kbd=-1	scroll=0.0000	content=164.0000	scrollbar=0
rainbow-dark_short_end_144	714x279	2d47820d09e99085	dpi=144	hover=-1	kbd=2	scroll=0.0000	content=164.0000	scrollbar=0
rainbow-dark_short_wheel_144	714x279	7f9e797b089229a3	dpi=144	hover=-1	kbd=-1	scroll=0.0000	content=164.0000	scrollbar=0
rainbow-dark_short_rest_192	952x372	7e23a5f1542ccb37	dpi=192	hover=-1	kbd=-1	scroll=0.0000	content=164.0000	scrollbar=0
rainbow-dark_scripts_rest_96	476x394	d295097e3ec125b7	dpi=96	hover=-1	kbd=-1	scroll=0.0000	content=372.0000	scrollbar=0
rainbow-dark_scripts_kbd_96	476x394	fb2ff7ca4b57198e	dpi=96	hover=-1	kbd=1	scroll=0.0000	content=372.0000	scrollbar=0
rainbow-dark_scripts_hover_96	476x394	fb2ff7ca4b57198e	dpi=96	hover=1	kbd=-1	scroll=0.0000	content=372.0000	scrollbar=0
rainbow-dark_scripts_end_96	476x394	9a00a7a894ce9105	dpi=96	hover=-1	kbd=6	scroll=0.0000	content=372.0000	scrollbar=0
rainbow-dark_scripts_wheel_96	476x394	d295097e3ec125b7	dpi=96	hover=-1	kbd=-1	scroll=0.0000	content=372.0000	scrollbar=0
rainbow-dark_scripts_rest_120	596x493	c4f79a42e4939f7d	dpi=120	hover=-1	kbd=-1	scroll=0.0000	content=372.0000	scrollbar=0
rainbow-dark_scripts_rest_144	714x591	ef5000404378993e	dpi=144	hover=-1	kbd=-1	scroll=0.0000	content=372.0000	scrollbar=0
rainbow-dark_scripts_kbd_144	714x591	69429cd8d1d21d62	dpi=144	hover=-1	kbd=1	scroll=0.0000	content=372.0000	scrollbar=0
rainbow-dark_scripts_hover_144	714x591	69429cd8d1d21d62	dpi=144	hover=1	kbd=-1	scroll=0.0000	content=372.0000	scrollbar=0
rainbow-dark_scripts_end_144	714x591	7aa721472cc46906	dpi=144	hover=-1	kbd=6	scroll=0.0000	content=372.0000	scrollbar=0
rainbow-dark_scripts_wheel_144	714x591	ef5000404378993e	dpi=144	hover=-1	kbd=-1	scroll=0.0000	content=372.0000	scrollbar=0
rainbow-dark_scripts_rest_192	952x788	6ba1b028e0e09966	dpi=192	hover=-1	kbd=-1	scroll=0.0000	content=372.0000	scrollbar=0
rainbow-dark_edges_rest_96	476x554	9ce3fd0e5a8214b9	dpi=96	hover=-1	kbd=-1	scroll=0.0000	content=532.0000	scrollbar=0
rainbow-dark_edges_kbd_96	476x554	f7ec180508caaca	dpi=96	hover=-1	kbd=1	scroll=0.0000	content=532.0000	scrollbar=0
rainbow-dark_edges_hover_96	476x554	f7ec180508caaca	dpi=96	hover=1	kbd=-1	scroll=0.0000	content=532.0000	scrollbar=0
rainbow-dark_edges_end_96	476x554	556648ade0032e5f	dpi=96	hover=-1	kbd=7	scroll=0.0000	content=532.0000	scrollbar=0
rainbow-dark_edges_wheel_96	476x554	9ce3fd0e5a8214b9	dpi=96	hover=-1	kbd=-1	scroll=0.0000	content=532.0000	scrollbar=0
rainbow-dark_edges_rest_120	596x693	7a6c60ee4bf6ae84	dpi=120	hover=-1	kbd=-1	scroll=0.0000	content=532.0000	scrollbar=0
rainbow-dark_edges_rest_144	714x785	f376964066e30136	dpi=144	hover=-1	kbd=-1	scroll=0.0000	content=549.0000	scrollbar=1
rainbow-dark_edges_kbd_144	714x785	8685a31bd58aa76c	dpi=144	hover=-1	kbd=1	scroll=0.0000	content=549.0000	scrollbar=1
rainbow-dark_edges_hover_144	714x785	8685a31bd58aa76c	dpi=144	hover=1	kbd=-1	scroll=0.0000	content=549.0000	scrollbar=1
rainbow-dark_edges_end_144	714x785	ba45dde20c0d565c	dpi=144	hover=-1	kbd=7	scroll=43.6667	content=549.0000	scrollbar=1
rainbow-dark_edges_wheel_144	714x785	d426131aefcb7812	dpi=144	hover=-1	kbd=-1	scroll=47.6667	content=549.0000	scrollbar=1
rainbow-dark_edges_rest_192	952x796	b0c19ec25e37c35d	dpi=192	hover=-1	kbd=-1	scroll=0.0000	content=549.0000	scrollbar=1
high-contrast_gallery_rest_96	476x198	78a72dc23ab2dc07	dpi=96	hover=-1	kbd=-1	scroll=0.0000	content=176.0000	scrollbar=0
high-contrast_gallery_kbd_96	476x198	77f3f8d1fee8ee93	dpi=96	hover=-1	kbd=1	scroll=0.0000	content=176.0000	scrollbar=0
high-contrast_gallery_hover_96	476x198	77f3f8d1fee8ee93	dpi=96	hover=1	kbd=-1	scroll=0.0000	content=176.0000	scrollbar=0
high-contrast_gallery_end_96	476x198	77f3f8d1fee8ee93	dpi=96	hover=-1	kbd=1	scroll=0.0000	content=176.0000	scrollbar=0
high-contrast_gallery_wheel_96	476x198	78a72dc23ab2dc07	dpi=96	hover=-1	kbd=-1	scroll=0.0000	content=176.0000	scrollbar=0
high-contrast_gallery_rest_120	596x248	1de9d61111a63050	dpi=120	hover=-1	kbd=-1	scroll=0.0000	content=176.0000	scrollbar=0
high-contrast_gallery_rest_144	714x297	16cbca69e3f65356	dpi=144	hover=-1	kbd=-1	scroll=0.0000	content=176.0000	scrollbar=0
high-contrast_gallery_kbd_144	714x297	cd523e27dd5fd496	dpi=144	hover=-1	kbd=1	scroll=0.0000	content=176.0000	scrollbar=0
high-contrast_gallery_hover_144	714x297	cd523e27dd5fd496	dpi=144	hover=1	kbd=-1	scroll=0.0000	content=176.0000	scrollbar=0
high-contrast_gallery_end_144	714x297	cd523e27dd5fd496	dpi=144	hover=-1	kbd=1	scroll=0.0000	content=176.0000	scrollbar=0
high-contrast_gallery_wheel_144	714x297	16cbca69e3f65356	dpi=144	hover=-1	kbd=-1	scroll=0.0000	content=176.0000	scrollbar=0
high-contrast_gallery_rest_192	952x396	68578e7f330577ce	dpi=192	hover=-1	kbd=-1	scroll=0.0000	content=176.0000	scrollbar=0
high-contrast_distinct12_rest_96	476x322	dfe1229d1c175227	dpi=96	hover=-1	kbd=-1	scroll=0.0000	content=632.0000	scrollbar=1
high-contrast_distinct12_kbd_96	476x322	e507fcc3aacd6394	dpi=96	hover=-1	kbd=1	scroll=0.0000	content=632.0000	scrollbar=1
high-contrast_distinct12_hover_96	476x322	e507fcc3aacd6394	dpi=96	hover=1	kbd=-1	scroll=0.0000	content=632.0000	scrollbar=1
high-contrast_distinct12_end_96	476x322	774d2df7928ee48	dpi=96	hover=-1	kbd=11	scroll=328.0000	content=632.0000	scrollbar=1
high-contrast_distinct12_wheel_96	476x322	42d0d27218f6aae1	dpi=96	hover=-1	kbd=-1	scroll=60.0000	content=632.0000	scrollbar=1
high-contrast_distinct12_rest_120	596x403	e85b9b343a5c626a	dpi=120	hover=-1	kbd=-1	scroll=0.0000	content=632.0000	scrollbar=1
high-contrast_distinct12_rest_144	714x483	c9f9851d342d6381	dpi=144	hover=-1	kbd=-1	scroll=0.0000	content=632.0000	scrollbar=1
high-contrast_distinct12_kbd_144	714x483	c85569723b201ae5	dpi=144	hover=-1	kbd=1	scroll=0.0000	content=632.0000	scrollbar=1
high-contrast_distinct12_hover_144	714x483	c85569723b201ae5	dpi=144	hover=1	kbd=-1	scroll=0.0000	content=632.0000	scrollbar=1
high-contrast_distinct12_end_144	714x483	5a5142e41a15d39f	dpi=144	hover=-1	kbd=11	scroll=328.0000	content=632.0000	scrollbar=1
high-contrast_distinct12_wheel_144	714x483	af6074a0d6f0f052	dpi=144	hover=-1	kbd=-1	scroll=60.0000	content=632.0000	scrollbar=1
high-contrast_distinct12_rest_192	952x644	f6b8fbd1322232d7	dpi=192	hover=-1	kbd=-1	scroll=0.0000	content=632.0000	scrollbar=1
high-contrast_repeated12_rest_96	476x322	e67d8bba135779c9	dpi=96	hover=-1	kbd=-1	scroll=0.0000	content=632.0000	scrollbar=1
high-contrast_repeated12_kbd_96	476x322	ea6e99150e736367	dpi=96	hover=-1	kbd=1	scroll=0.0000	content=632.0000	scrollbar=1
high-contrast_repeated12_hover_96	476x322	ea6e99150e736367	dpi=96	hover=1	kbd=-1	scroll=0.0000	content=632.0000	scrollbar=1
high-contrast_repeated12_end_96	476x322	417d5e2ed6102d6e	dpi=96	hover=-1	kbd=11	scroll=328.0000	content=632.0000	scrollbar=1
high-contrast_repeated12_wheel_96	476x322	c8c3ca40092c0d1c	dpi=96	hover=-1	kbd=-1	scroll=60.0000	content=632.0000	scrollbar=1
high-contrast_repeated12_rest_120	596x403	82f1b5844a8a62c5	dpi=120	hover=-1	kbd=-1	scroll=0.0000	content=632.0000	scrollbar=1
high-contrast_repeated12_rest_144	714x483	2a27847453e6f554	dpi=144	hover=-1	kbd=-1	scroll=0.0000	content=632.0000	scrollbar=1
high-contrast_repeated12_kbd_144	714x483	a4d075b82f5d0545	dpi=144	hover=-1	kbd=1	scroll=0.0000	content=632.0000	scrollbar=1
high-contrast_repeated12_hover_144	714x483	a4d075b82f5d0545	dpi=144	hover=1	kbd=-1	scroll=0.0000	content=632.0000	scrollbar=1
high-contrast_repeated12_end_144	714x483	2b2161db88d0ff48	dpi=144	hover=-1	kbd=11	scroll=328.0000	content=632.0000	scrollbar=1
high-contrast_repeated12_wheel_144	714x483	ed8096d8fbc651c6	dpi=144	hover=-1	kbd=-1	scroll=60.0000	content=632.0000	scrollbar=1
high-contrast_repeated12_rest_192	952x644	8f41b2e925b3aec3	dpi=192	hover=-1	kbd=-1	scroll=0.0000	content=632.0000	scrollbar=1
high-contrast_mixed_rest_96	476x457	b1de95f79ea74626	dpi=96	hover=-1	kbd=-1	scroll=0.0000	content=435.0000	scrollbar=0
high-contrast_mixed_kbd_96	476x457	f816ffbb2b39f650	dpi=96	hover=-1	kbd=1	scroll=0.0000	content=435.0000	scrollbar=0
high-contrast_mixed_hover_96	476x457	f816ffbb2b39f650	dpi=96	hover=1	kbd=-1	scroll=0.0000	content=435.0000	scrollbar=0
high-contrast_mixed_end_96	476x457	36f95e1e82d21f07	dpi=96	hover=-1	kbd=8	scroll=0.0000	content=435.0000	scrollbar=0
high-contrast_mixed_wheel_96	476x457	b1de95f79ea74626	dpi=96	hover=-1	kbd=-1	scroll=0.0000	content=435.0000	scrollbar=0
high-contrast_mixed_rest_120	596x572	e7a05d0c1498cee	dpi=120	hover=-1	kbd=-1	scroll=0.0000	content=435.0000	scrollbar=0
high-contrast_mixed_rest_144	714x686	878e1a11fe3dd221	dpi=144	hover=-1	kbd=-1	scroll=0.0000	content=435.0000	scrollbar=0
high-contrast_mixed_kbd_144	714x686	40ef7d7e7977fd1f	dpi=144	hover=-1	kbd=1	scroll=0.0000	content=435.0000	scrollbar=0
high-contrast_mixed_hover_144	714x686	40ef7d7e7977fd1f	dpi=144	hover=1	kbd=-1	scroll=0.0000	content=435.0000	scrollbar=0
high-contrast_mixed_end_144	714x686	4731cddae4ab4bf9	dpi=144	hover=-1	kbd=8	scroll=0.0000	content=435.0000	scrollbar=0
high-contrast_mixed_wheel_144	714x686	878e1a11fe3dd221	dpi=144	hover=-1	kbd=-1	scroll=0.0000	content=435.0000	scrollbar=0
high-contrast_mixed_rest_192	952x796	3737181c692ded78	dpi=192	hover=-1	kbd=-1	scroll=0.0000	content=435.0000	scrollbar=1
high-contrast_short_rest_96	476x186	3984a939bd4da521	dpi=96	hover=-1	kbd=-1	scroll=0.0000	content=164.0000	scrollbar=0
high-contrast_short_kbd_96	476x186	5d210e808dee03f1	dpi=96	hover=-1	kbd=1	scroll=0.0000	content=164.0000	scrollbar=0
high-contrast_short_hover_96	476x186	5d210e808dee03f1	dpi=96	hover=1	kbd=-1	scroll=0.0000	content=164.0000	scrollbar=0
high-contrast_short_end_96	476x186	5c4c3fcd22de7a21	dpi=96	hover=-1	kbd=2	scroll=0.0000	content=164.0000	scrollbar=0
high-contrast_short_wheel_96	476x186	3984a939bd4da521	dpi=96	hover=-1	kbd=-1	scroll=0.0000	content=164.0000	scrollbar=0
high-contrast_short_rest_120	596x233	d0930bb426ec55d1	dpi=120	hover=-1	kbd=-1	scroll=0.0000	content=164.0000	scrollbar=0
high-contrast_short_rest_144	714x279	1c23cf0bbcccfebc	dpi=144	hover=-1	kbd=-1	scroll=0.0000	content=164.0000	scrollbar=0
high-contrast_short_kbd_144	714x279	25388640f083bda9	dpi=144	hover=-1	kbd=1	scroll=0.0000	content=164.0000	scrollbar=0
high-contrast_short_hover_144	714x279	25388640f083bda9	dpi=144	hover=1	kbd=-1	scroll=0.0000	content=164.0000	scrollbar=0
high-contrast_short_end_144	714x279	62fb1fa9e17ddd89	dpi=144	hover=-1	kbd=2	scroll=0.0000	content=164.0000	scrollbar=0
high-contrast_short_wheel_144	714x279	1c23cf0bbcccfebc	dpi=144	hover=-1	kbd=-1	scroll=0.0000	content=164.0000	scrollbar=0
high-contrast_short_rest_192	952x372	9407c5441fd01a96	dpi=192	hover=-1	kbd=-1	scroll=0.0000	content=164.0000	scrollbar=0
high-contrast_scripts_rest_96	476x394	9d7125788396ac5d	dpi=96	hover=-1	kbd=-1	scroll=0.0000	content=372.0000	scrollbar=0
high-contrast_scripts_kbd_96	476x394	8ee4413edc66ef6	dpi=96	hover=-1	kbd=1	scroll=0.0000	content=372.0000	scrollbar=0
high-contrast_scripts_hover_96	476x394	8ee4413edc66ef6	dpi=96	hover=1	kbd=-1	scroll=0.0000	content=372.0000	scrollbar=0
high-contrast_scripts_end_96	476x394	5bec173a18d91103	dpi=96	hover=-1	kbd=6	scroll=0.0000	content=372.0000	scrollbar=0
high-contrast_scripts_wheel_96	476x394	9d7125788396ac5d	dpi=96	hover=-1	kbd=-1	scroll=0.0000	content=372.0000	scrollbar=0
high-contrast_scripts_rest_120	596x493	dd76b51f60d8e6a8	dpi=120	hover=-1	kbd=-1	scroll=0.0000	content=372.0000	scrollbar=0
high-contrast_scripts_rest_144	714x591	2a4e7aba36520d3d	dpi=144	hover=-1	kbd=-1	scroll=0.0000	content=372.0000	scrollbar=0
high-contrast_scripts_kbd_144	714x591	e947bcffd1b0bb8a	dpi=144	hover=-1	kbd=1	scroll=0.0000	content=372.0000	scrollbar=0
high-contrast_scripts_hover_144	714x591	e947bcffd1b0bb8a	dpi=144	hover=1	kbd=-1	scroll=0.0000	content=372.0000	scrollbar=0
high-contrast_scripts_end_144	714x591	b96298796c4cd284	dpi=144	hover=-1	kbd=6	scroll=0.0000	content=372.0000	scrollbar=0
high-contrast_scripts_wheel_144	714x591	2a4e7aba36520d3d	dpi=144	hover=-1	kbd=-1	scroll=0.0000	content=372.0000	scrollbar=0
high-contrast_scripts_rest_192	952x788	3d9e12c249925ae6	dpi=192	hover=-1	kbd=-1	scroll=0.0000	content=372.0000	scrollbar=0
high-contrast_edges_rest_96	476x554	7d1428c0a7ebd4e5	dpi=96	hover=-1	kbd=-1	scroll=0.0000	content=532.0000	scrollbar=0
high-contrast_edges_kbd_96	476x554	a76c0a013e79a5a5	dpi=96	hover=-1	kbd=1	scroll=0.0000	content=532.0000	scrollbar=0
high-contrast_edges_hover_96	476x554	a76c0a013e79a5a5	dpi=96	hover=1	kbd=-1	scroll=0.0000	content=532.0000	scrollbar=0
high-contrast_edges_end_96	476x554	2b0507a91d7c28d5	dpi=96	hover=-1	kbd=7	scroll=0.0000	content=532.0000	scrollbar=0
high-contrast_edges_wheel_96	476x554	7d1428c0a7ebd4e5	dpi=96	hover=-1	kbd=-1	scroll=0.0000	content=532.0000	scrollbar=0
high-contrast_edges_rest_120	596x693	a67b5c377ab1c73c	dpi=120	hover=-1	kbd=-1	scroll=0.0000	content=532.0000	scrollbar=0
high-contrast_edges_rest_144	714x785	3ce57e9cc87f5e16	dpi=144	hover=-1	kbd=-1	scroll=0.0000	content=549.0000	scrollbar=1
high-contrast_edges_kbd_144	714x785	b1b8a45187ed853a	dpi=144	hover=-1	kbd=1	scroll=0.0000	content=549.0000	scrollbar=1
high-contrast_edges_hover_144	714x785	b1b8a45187ed853a	dpi=144	hover=1	kbd=-1	scroll=0.0000	content=549.0000	scrollbar=1
high-contrast_edges_end_144	714x785	ad160fadc4bdda94	dpi=144	hover=-1	kbd=7	scroll=43.6667	content=549.0000	scrollbar=1
high-contrast_edges_wheel_144	714x785	1cb4d4ea77ca73d9	dpi=144	hover=-1	kbd=-1	scroll=47.6667	content=549.0000	scrollbar=1
high-contrast_edges_rest_192	952x796	e8bb5e46f6632b22	dpi=192	hover=-1	kbd=-1	scroll=0.0000	content=549.0000	scrollbar=1
