"packetPath","sourceRelativePath","bytes","sha256"
"runs/a1d.json","A1-Default.json","8006","1A9EB0B2F029AE548DC82AB98D1BEB3A0A2352DC91F8800F14367A02D1CAECF1"
"runs/a1d.log","A1-Default.log","1110","EB09E4234367DF03C771D80AA1635B105595856AAE9D837AA8884873394971F8"
"runs/a1d.exit","A1-Default-exit.txt","3","13BF7B3039C63BF5A50491FA3CFD8EB4E699D1BA1436315AEF9CBE5711530354"
"runs/a1d.inv.json","A1-Default-invocation.json","21873","DC825DACE19B933C84907DAA19DA5B06000A84D92CFC88B8634CAF57405C954E"
"runs/a1d.single.json","A1-Default.json.comparison.json","48","14FC8DEF36F2813DB7D2787166F7BD0E738679426A334768741AA17E620A7DF6"
"runs/b1d.json","B1-Default.json","8020","659BD6C60F83503E82185058DC13EFBDA1A01642112EA5DB9B70D1A2C7BCBD0C"
"runs/b1d.log","B1-Default.log","1113","2D9F7E5AE7A2BF9605803EBF35DE6CEC24343CE964FADFC7208102BE225BFCB1"
"runs/b1d.exit","B1-Default-exit.txt","3","13BF7B3039C63BF5A50491FA3CFD8EB4E699D1BA1436315AEF9CBE5711530354"
"runs/b1d.inv.json","B1-Default-invocation.json","21873","8E1CFF565E26EA748AA485519AAB63AABB3E243E22D3ABC5D545EA5D91E8B89A"
"runs/b1d.single.json","B1-Default.json.comparison.json","48","14FC8DEF36F2813DB7D2787166F7BD0E738679426A334768741AA17E620A7DF6"
"runs/b2d.json","B2-Default.json","8012","5FCE340B4E09DBD681800669A0F9BF89631669DF4B0496B23EA08A6CAFC22E17"
"runs/b2d.log","B2-Default.log","1109","8D7451E7796D9D7B6D6D2EA38E02FE22AC46CEF9599324B82742E1FA20FDDE3C"
"runs/b2d.exit","B2-Default-exit.txt","3","13BF7B3039C63BF5A50491FA3CFD8EB4E699D1BA1436315AEF9CBE5711530354"
"runs/b2d.inv.json","B2-Default-invocation.json","21873","197C1D042057807110752FC2F5321C74D046B93A1AA988F89AE55B85C882003D"
"runs/b2d.single.json","B2-Default.json.comparison.json","48","14FC8DEF36F2813DB7D2787166F7BD0E738679426A334768741AA17E620A7DF6"
"runs/a2d.json","A2-Default.json","8010","5F7C6B5C8968A2AFED04AD21E5DED487AA2D8CCB002B1F72696B50D127669A50"
"runs/a2d.log","A2-Default.log","1109","B13ECBD5FB20DC7CDD475BBF25F51456C988467A2C473F355B1A0E644A25A87D"
"runs/a2d.exit","A2-Default-exit.txt","3","13BF7B3039C63BF5A50491FA3CFD8EB4E699D1BA1436315AEF9CBE5711530354"
"runs/a2d.inv.json","A2-Default-invocation.json","21873","BF6A45CFED3BAA737A91657E0A06283BFC13D64CB8A537DE3136DD46906479A1"
"runs/a2d.single.json","A2-Default.json.comparison.json","48","14FC8DEF36F2813DB7D2787166F7BD0E738679426A334768741AA17E620A7DF6"
"runs/a1r.json","A1-MultilineGridRetention.json","15158","38FC3A59C28FE4A236C2C8BE1E2E29DB7CB719FA516AE02FC1649B4FAEB39167"
"runs/a1r.log","A1-MultilineGridRetention.log","1129","C3B81702E8DF3F6CAA378868EE17017E471293A9CA3757F88257F5A14D84A9D6"
"runs/a1r.exit","A1-MultilineGridRetention-exit.txt","3","13BF7B3039C63BF5A50491FA3CFD8EB4E699D1BA1436315AEF9CBE5711530354"
"runs/a1r.inv.json","A1-MultilineGridRetention-invocation.json","21903","D044394BDFA8FDB56CEA7C5E7DA4EDAAB4860DCB9CA5D275C538C2AE07967D77"
"runs/a1r.single.json","A1-MultilineGridRetention.json.comparison.json","48","14FC8DEF36F2813DB7D2787166F7BD0E738679426A334768741AA17E620A7DF6"
"runs/b1r.json","B1-MultilineGridRetention.json","15143","F7012474C9BCAAED122529E731F49E9F82F858578A28256F2503557C1EF4EFD0"
"runs/b1r.log","B1-MultilineGridRetention.log","1126","817EDC7581439AE73B79560403C9CFC0E2BE86462248AE44BE6311D404175FD4"
"runs/b1r.exit","B1-MultilineGridRetention-exit.txt","3","13BF7B3039C63BF5A50491FA3CFD8EB4E699D1BA1436315AEF9CBE5711530354"
"runs/b1r.inv.json","B1-MultilineGridRetention-invocation.json","21903","9D5F05445D16ED2E1881596094CC8EFE2831CD0FBA40D7865A7A8E194DEA3C6B"
"runs/b1r.single.json","B1-MultilineGridRetention.json.comparison.json","48","14FC8DEF36F2813DB7D2787166F7BD0E738679426A334768741AA17E620A7DF6"
"runs/b2r.json","B2-MultilineGridRetention.json","15149","21E992FB98B528E1AB53195741B38F0DF220322CB62ED991B84AB592F98EA563"
"runs/b2r.log","B2-MultilineGridRetention.log","1128","9490D96DE7AE229EFED534EEFD22CF68DD547EDE8EEA0953C8FBD2112435BC1A"
"runs/b2r.exit","B2-MultilineGridRetention-exit.txt","3","13BF7B3039C63BF5A50491FA3CFD8EB4E699D1BA1436315AEF9CBE5711530354"
"runs/b2r.inv.json","B2-MultilineGridRetention-invocation.json","21903","0D0D6245754A546D1458646FEEC5C8073D026C8DB7524B5E245D494726F445C2"
"runs/b2r.single.json","B2-MultilineGridRetention.json.comparison.json","48","14FC8DEF36F2813DB7D2787166F7BD0E738679426A334768741AA17E620A7DF6"
"runs/a2r.json","A2-MultilineGridRetention.json","15154","76511E2B2B233B6D04C52EB6731A8B51F3D4D3A0E8E388BE561C20481FD05602"
"runs/a2r.log","A2-MultilineGridRetention.log","1132","1D710888CDC4415868C6DBB0B57A35D27A49B3B91399A121A540D7D28C1DC8F3"
"runs/a2r.exit","A2-MultilineGridRetention-exit.txt","3","13BF7B3039C63BF5A50491FA3CFD8EB4E699D1BA1436315AEF9CBE5711530354"
"runs/a2r.inv.json","A2-MultilineGridRetention-invocation.json","21903","00FB1CBECF410196D0E7837604539CE9E6ADDCDAED18AB5CC922633B0903EA11"
"runs/a2r.single.json","A2-MultilineGridRetention.json.comparison.json","48","14FC8DEF36F2813DB7D2787166F7BD0E738679426A334768741AA17E620A7DF6"
"cmp/d-a1-b1.json","Default-A1-B1.comparison.json","5765","4328F8094CD9AC34ED222E12F1E4FC3B793453FAF47E545CCC23A404B23E3ABF"
"cmp/d-a1-b1.log","Default-A1-B1.comparison.log","559","6A9221B1E7C59240BA1E2BBF7DBB4F303873A1104D92B9E68EDF2AF4861E45A1"
"cmp/d-a1-b1.exit","Default-A1-B1.exit.txt","3","F1B2F662800122BED0FF255693DF89C4487FBDCF453D3524A42D4EC20C3D9C04"
"cmp/d-a1-b2.json","Default-A1-B2.comparison.json","5764","63F960CCFE2DE41C503FCA7BD7F9125F90284509D9FD400CAF5B06398D23B1D1"
"cmp/d-a1-b2.log","Default-A1-B2.comparison.log","522","59C464C69CC050F48E2641EF2FD76C7BFD49930DBE9AB8F5B3EEAD5B44032FE6"
"cmp/d-a1-b2.exit","Default-A1-B2.exit.txt","3","F1B2F662800122BED0FF255693DF89C4487FBDCF453D3524A42D4EC20C3D9C04"
"cmp/d-a2-b1.json","Default-A2-B1.comparison.json","5764","DBF14FAB629A7E60C16EB04290A00ADE038203F13A345EA65F38E00EF239F07B"
"cmp/d-a2-b1.log","Default-A2-B1.comparison.log","596","CBCBB2EE0F650B1CCB3469A1BD7BF135E66A1223B8C540BCEC7397BFB7858BDF"
"cmp/d-a2-b1.exit","Default-A2-B1.exit.txt","3","F1B2F662800122BED0FF255693DF89C4487FBDCF453D3524A42D4EC20C3D9C04"
"cmp/d-a2-b2.json","Default-A2-B2.comparison.json","5758","E6001D4FE06FE9ED18A18779B6222ECF8A7087BAD73F38D51CDA73F420247BBC"
"cmp/d-a2-b2.log","Default-A2-B2.comparison.log","548","7ACC4B9E960B22AF650EA5B72A10055B1C4950EEBBC7E252483DC517C1534631"
"cmp/d-a2-b2.exit","Default-A2-B2.exit.txt","3","F1B2F662800122BED0FF255693DF89C4487FBDCF453D3524A42D4EC20C3D9C04"
"cmp/d-a1-a2.json","Default-A1-A2.comparison.json","5773","5D9D08A3E7C941EA3F2C0F803095655F8E558E59370320954E1AA73DBE66F746"
"cmp/d-a1-a2.log","Default-A1-A2.comparison.log","433","E5286BA43BE27768705E4553C93A84704394ED9214FEFB3B24C6E1453EBC0D31"
"cmp/d-a1-a2.exit","Default-A1-A2.exit.txt","3","F1B2F662800122BED0FF255693DF89C4487FBDCF453D3524A42D4EC20C3D9C04"
"cmp/d-b1-b2.json","Default-B1-B2.comparison.json","5744","BDB4B6C8BA8F9D65CAFB5D4A9C17D27EA97E4232402E364ABAD24AA0E3C8EE5E"
"cmp/d-b1-b2.log","Default-B1-B2.comparison.log","680","7679534C875B9305CC8355CB75D097C1D898888CD106476EDCA9DC53E29CDF03"
"cmp/d-b1-b2.exit","Default-B1-B2.exit.txt","3","F1B2F662800122BED0FF255693DF89C4487FBDCF453D3524A42D4EC20C3D9C04"
"cmp/r-a1-b1.json","MultilineGridRetention-A1-B1.comparison.json","5765","6EDE61EA89A39AF64224B92032072191A9B1F1C095D3B2328EF61CC5D0C06A71"
"cmp/r-a1-b1.log","MultilineGridRetention-A1-B1.comparison.log","740","44ABD88BE54DF98E3B93F3EE99B753D236AC1E3EB011FC7E19F134B876D5432E"
"cmp/r-a1-b1.exit","MultilineGridRetention-A1-B1.exit.txt","3","F1B2F662800122BED0FF255693DF89C4487FBDCF453D3524A42D4EC20C3D9C04"
"cmp/r-a1-b2.json","MultilineGridRetention-A1-B2.comparison.json","5778","5D439096611E136D9A4879C87192A03D06079E85D1D0DF1D9B08D4D03959816C"
"cmp/r-a1-b2.log","MultilineGridRetention-A1-B2.comparison.log","764","7A7E444A041DA95F9AA9556E35E3F815C3D77E279D3394C5BB1DC908ECB69E9E"
"cmp/r-a1-b2.exit","MultilineGridRetention-A1-B2.exit.txt","3","F1B2F662800122BED0FF255693DF89C4487FBDCF453D3524A42D4EC20C3D9C04"
"cmp/r-a2-b1.json","MultilineGridRetention-A2-B1.comparison.json","5763","12741D726E789959C2D12E89018987BDC10522622FC8F269F2494A5B32B66017"
"cmp/r-a2-b1.log","MultilineGridRetention-A2-B1.comparison.log","804","4E95AFABB34EB1E909F2ACEA009E486F5A6423D05D947F1529DF886636E9A5F8"
"cmp/r-a2-b1.exit","MultilineGridRetention-A2-B1.exit.txt","3","F1B2F662800122BED0FF255693DF89C4487FBDCF453D3524A42D4EC20C3D9C04"
"cmp/r-a2-b2.json","MultilineGridRetention-A2-B2.comparison.json","5772","EA4F302B94C4A50A268AEBF43E2D1F1E7DCB1BD059F77498BF97BE781EFC34A3"
"cmp/r-a2-b2.log","MultilineGridRetention-A2-B2.comparison.log","951","4535C6B055F0C9A2B5B2643851DFE05EB00DDE3A4FB4586AD765A17D847ED2B4"
"cmp/r-a2-b2.exit","MultilineGridRetention-A2-B2.exit.txt","3","F1B2F662800122BED0FF255693DF89C4487FBDCF453D3524A42D4EC20C3D9C04"
"cmp/r-a1-a2.json","MultilineGridRetention-A1-A2.comparison.json","5788","8601B651BF91DB77FD69990C796081B8A1B547F6D2C0F96C50FB60094C568E9D"
"cmp/r-a1-a2.log","MultilineGridRetention-A1-A2.comparison.log","333","A398622F728B6045665BCF274AFD64145D9A4F60D4930285F8942C340A22807E"
"cmp/r-a1-a2.exit","MultilineGridRetention-A1-A2.exit.txt","3","F1B2F662800122BED0FF255693DF89C4487FBDCF453D3524A42D4EC20C3D9C04"
"cmp/r-b1-b2.json","MultilineGridRetention-B1-B2.comparison.json","5773","AB95AF7689344676C2D0D3A8EBBDEDE3A71D512B98E718DC4230782E91EECC02"
"cmp/r-b1-b2.log","MultilineGridRetention-B1-B2.comparison.log","653","E4AFEF52EE614703E444EF26DBA2CE2A68D863CDA2F26F8A68464A7D7CD8520F"
"cmp/r-b1-b2.exit","MultilineGridRetention-B1-B2.exit.txt","3","F1B2F662800122BED0FF255693DF89C4487FBDCF453D3524A42D4EC20C3D9C04"
"meta/protocol.json","protocol.json","4444","72A6A099A83568E8B2634A47FE70F1D9BC034D24098893FCBDBA565544D9894E"
"meta/final-inventory.json","final-inventory.json","20989","A655636A58A7AFF72709F1E06F6C02796902616AA97E020BC5D22A157B23D3B0"
"meta/A-source-before.json","A-source-before.json","8749","24B35D4E79A21E795419BACCAEA7B40C48127C3DF0E1BA630ECF283C342CC19E"
"meta/A-source-built.json","A-source-built.json","8749","24B35D4E79A21E795419BACCAEA7B40C48127C3DF0E1BA630ECF283C342CC19E"
"meta/B-source-before.json","B-source-before.json","8749","4DA29A5B4658BEBDE13B8A448AC37D4C18FF340D518B83B572E994BD8137F039"
"meta/B-inputs-before.json","B-inputs-before.json","1124","335F1AF600908D8D8D8AAA22B0AA67927157EA6CB384461DF4732BBD8016DBFB"
"meta/B-source-built.json","B-source-built.json","8749","4DA29A5B4658BEBDE13B8A448AC37D4C18FF340D518B83B572E994BD8137F039"
"build/a-build.log","A-build-msbuild.log","28202","44F694EFFC82CBE77C2644CCD9D94E603028096F85F3F1AE973EC382FE4C5CBA"
"build/a-console.log","A-build-console.log","4436","2206D1339D84425A5C0A9669C3F51AD73793AF38D543AE01E459657135B89487"
"build/a-build.exit","A-build-exit.txt","3","13BF7B3039C63BF5A50491FA3CFD8EB4E699D1BA1436315AEF9CBE5711530354"
"build/a-deps.log","A-dependencies.log","2017","F909F09E9E644AC57F77C3BFD0022C1D6F85468FEF8988D3BAF31B24A1C02617"
"build/a-deps.exit","A-dependencies-exit.txt","3","13BF7B3039C63BF5A50491FA3CFD8EB4E699D1BA1436315AEF9CBE5711530354"
"build/b-build.log","B-build-proof/build-msbuild.log","32940","13CDA962E061E220F7B6F7B257CCA5EDEADC84C177C255A7DAD67D2D02AE1E8D"
"build/b-release.log","B-build-proof/release-test.log","7608","C519191986E271C5148C7E8625DE89E4B44E5045F01F25E32730CE927D9B18C4"
"build/b-gallery.log","B-build-proof/gallery.log","352","BD2BF251BA9BA5D2161A1EBA3B4CE709F44DE5489141F3979F2E5C59DBA66D40"
"build/b-performance.json","B-build-proof/performance-build-receipt.json","8015","C8AD9E6D8D61CFD3F2845CB8040DF1CFACF996A17889F86837389E4818763FD9"
"analysis/curated.json","curated-analysis.json","84838","CCBC15E156B8B00714E892B73A0F5079564FA0501ED72F41966D2DE8315F3353"
"analysis/curated.md","curated-analysis.md","7506","A92EA673D50D72B48132D3B35DAA1C16479A7000EBB8BB756340F70C975DBB68"
"analysis/curator.ps1","..\curate-combined-pair-20260927.ps1","18364","AB223B849E0B7A727A45D9B0B194FBE281B156C9FC949C3266937CA194E6B6D9"
